Number,Name,Type 1,Type 2,HP,Att,Def,Spa,Spd,Spe,BST,Generation
1,bulbasaur,Grass,Poison,45,49,49,65,65,45,318,1.0
2,ivysaur,Grass,Poison,60,62,63,80,80,60,405,1.0
3,venusaur,Grass,Poison,80,82,83,100,100,80,525,1.0
4,charmander,Fire,,39,52,43,60,50,65,309,1.0
5,charmeleon,Fire,,58,64,58,80,65,80,405,1.0
6,charizard,Fire,Flying,78,84,78,109,85,100,534,1.0
7,squirtle,Water,,44,48,65,50,64,43,314,1.0
8,wartortle,Water,,59,63,80,65,80,58,405,1.0
9,blastoise,Water,,79,83,100,85,105,78,530,1.0
10,caterpie,Bug,,45,30,35,20,20,45,195,1.0
11,metapod,Bug,,50,20,55,25,25,30,205,1.0
12,butterfree,Bug,Flying,60,45,50,90,80,70,395,1.0
13,weedle,Bug,Poison,40,35,30,20,20,50,195,1.0
14,kakuna,Bug,Poison,45,25,50,25,25,35,205,1.0
15,beedrill,Bug,Poison,65,90,40,45,80,75,395,1.0
16,pidgey,Normal,Flying,40,45,40,35,35,56,251,1.0
17,pidgeotto,Normal,Flying,63,60,55,50,50,71,349,1.0
18,pidgeot,Normal,Flying,83,80,75,70,70,101,479,1.0
19,rattata,Normal,,30,56,35,25,35,72,253,1.0
20,raticate,Normal,,55,81,60,50,70,97,413,1.0
21,spearow,Normal,Flying,40,60,30,31,31,70,262,1.0
22,fearow,Normal,Flying,65,90,65,61,61,100,442,1.0
23,ekans,Poison,,35,60,44,40,54,55,288,1.0
24,arbok,Poison,,60,95,69,65,79,80,448,1.0
25,pikachu,Electric,,35,55,40,50,50,90,320,1.0
26,raichu,Electric,,60,90,55,90,80,110,485,1.0
27,sandshrew,Ground,,50,75,85,20,30,40,300,1.0
28,sandslash,Ground,,75,100,110,45,55,65,450,1.0
29,nidoran♀,Poison,,55,47,52,40,40,41,275,1.0
30,nidorina,Poison,,70,62,67,55,55,56,365,1.0
31,nidoqueen,Poison,Ground,90,92,87,75,85,76,505,1.0
32,nidoran♂,Poison,,46,57,40,40,40,50,273,1.0
33,nidorino,Poison,,61,72,57,55,55,65,365,1.0
34,nidoking,Poison,Ground,81,102,77,85,75,85,505,1.0
35,clefairy,Fairy,,70,45,48,60,65,35,323,1.0
36,clefable,Fairy,,95,70,73,95,90,60,483,1.0
37,vulpix,Fire,,38,41,40,50,65,65,299,1.0
38,ninetales,Fire,,73,76,75,81,100,100,505,1.0
39,jigglypuff,Normal,Fairy,115,45,20,45,25,20,270,1.0
40,wigglytuff,Normal,Fairy,140,70,45,85,50,45,435,1.0
41,zubat,Poison,Flying,40,45,35,30,40,55,245,1.0
42,golbat,Poison,Flying,75,80,70,65,75,90,455,1.0
43,oddish,Grass,Poison,45,50,55,75,65,30,320,1.0
44,gloom,Grass,Poison,60,65,70,85,75,40,395,1.0
45,vileplume,Grass,Poison,75,80,85,110,90,50,490,1.0
46,paras,Bug,Grass,35,70,55,45,55,25,285,1.0
47,parasect,Bug,Grass,60,95,80,60,80,30,405,1.0
48,venonat,Bug,Poison,60,55,50,40,55,45,305,1.0
49,venomoth,Bug,Poison,70,65,60,90,75,90,450,1.0
50,diglett,Ground,,10,55,25,35,45,95,265,1.0
51,dugtrio,Ground,,35,100,50,50,70,120,425,1.0
52,meowth,Normal,,40,45,35,40,40,90,290,1.0
53,persian,Normal,,65,70,60,65,65,115,440,1.0
54,psyduck,Water,,50,52,48,65,50,55,320,1.0
55,golduck,Water,,80,82,78,95,80,85,500,1.0
56,mankey,Fighting,,40,80,35,35,45,70,305,1.0
57,primeape,Fighting,,65,105,60,60,70,95,455,1.0
58,growlithe,Fire,,55,70,45,70,50,60,350,1.0
59,arcanine,Fire,,90,110,80,100,80,95,555,1.0
60,poliwag,Water,,40,50,40,40,40,90,300,1.0
61,poliwhirl,Water,,65,65,65,50,50,90,385,1.0
62,poliwrath,Water,Fighting,90,95,95,70,90,70,510,1.0
63,abra,Psychic,,25,20,15,105,55,90,310,1.0
64,kadabra,Psychic,,40,35,30,120,70,105,400,1.0
65,alakazam,Psychic,,55,50,45,135,95,120,500,1.0
66,machop,Fighting,,70,80,50,35,35,35,305,1.0
67,machoke,Fighting,,80,100,70,50,60,45,405,1.0
68,machamp,Fighting,,90,130,80,65,85,55,505,1.0
69,bellsprout,Grass,Poison,50,75,35,70,30,40,300,1.0
70,weepinbell,Grass,Poison,65,90,50,85,45,55,390,1.0
71,victreebel,Grass,Poison,80,105,65,100,70,70,490,1.0
72,tentacool,Water,Poison,40,40,35,50,100,70,335,1.0
73,tentacruel,Water,Poison,80,70,65,80,120,100,515,1.0
74,geodude,Rock,Ground,40,80,100,30,30,20,300,1.0
75,graveler,Rock,Ground,55,95,115,45,45,35,390,1.0
76,golem,Rock,Ground,80,120,130,55,65,45,495,1.0
77,ponyta,Fire,,50,85,55,65,65,90,410,1.0
78,rapidash,Fire,,65,100,70,80,80,105,500,1.0
79,slowpoke,Water,Psychic,90,65,65,40,40,15,315,1.0
80,slowbro,Water,Psychic,95,75,110,100,80,30,490,1.0
81,magnemite,Electric,Steel,25,35,70,95,55,45,325,1.0
82,magneton,Electric,Steel,50,60,95,120,70,70,465,1.0
83,farfetch'd,Normal,Flying,52,90,55,58,62,60,377,1.0
84,doduo,Normal,Flying,35,85,45,35,35,75,310,1.0
85,dodrio,Normal,Flying,60,110,70,60,60,110,470,1.0
86,seel,Water,,65,45,55,45,70,45,325,1.0
87,dewgong,Water,Ice,90,70,80,70,95,70,475,1.0
88,grimer,Poison,,80,80,50,40,50,25,325,1.0
89,muk,Poison,,105,105,75,65,100,50,500,1.0
90,shellder,Water,,30,65,100,45,25,40,305,1.0
91,cloyster,Water,Ice,50,95,180,85,45,70,525,1.0
92,gastly,Ghost,Poison,30,35,30,100,35,80,310,1.0
93,haunter,Ghost,Poison,45,50,45,115,55,95,405,1.0
94,gengar,Ghost,Poison,60,65,60,130,75,110,500,1.0
95,onix,Rock,Ground,35,45,160,30,45,70,385,1.0
96,drowzee,Psychic,,60,48,45,43,90,42,328,1.0
97,hypno,Psychic,,85,73,70,73,115,67,483,1.0
98,krabby,Water,,30,105,90,25,25,50,325,1.0
99,kingler,Water,,55,130,115,50,50,75,475,1.0
100,voltorb,Electric,,40,30,50,55,55,100,330,1.0
101,electrode,Electric,,60,50,70,80,80,150,490,1.0
102,exeggcute,Grass,Psychic,60,40,80,60,45,40,325,1.0
103,exeggutor,Grass,Psychic,95,95,85,125,75,55,530,1.0
104,cubone,Ground,,50,50,95,40,50,35,320,1.0
105,marowak,Ground,,60,80,110,50,80,45,425,1.0
106,hitmonlee,Fighting,,50,120,53,35,110,87,455,1.0
107,hitmonchan,Fighting,,50,105,79,35,110,76,455,1.0
108,lickitung,Normal,,90,55,75,60,75,30,385,1.0
109,koffing,Poison,,40,65,95,60,45,35,340,1.0
110,weezing,Poison,,65,90,120,85,70,60,490,1.0
111,rhyhorn,Ground,Rock,80,85,95,30,30,25,345,1.0
112,rhydon,Ground,Rock,105,130,120,45,45,40,485,1.0
113,chansey,Normal,,250,5,5,35,105,50,450,1.0
114,tangela,Grass,,65,55,115,100,40,60,435,1.0
115,kangaskhan,Normal,,105,95,80,40,80,90,490,1.0
116,horsea,Water,,30,40,70,70,25,60,295,1.0
117,seadra,Water,,55,65,95,95,45,85,440,1.0
118,goldeen,Water,,45,67,60,35,50,63,320,1.0
119,seaking,Water,,80,92,65,65,80,68,450,1.0
120,staryu,Water,,30,45,55,70,55,85,340,1.0
121,starmie,Water,Psychic,60,75,85,100,85,115,520,1.0
122,mr. mime,Psychic,Fairy,40,45,65,100,120,90,460,1.0
123,scyther,Bug,Flying,70,110,80,55,80,105,500,1.0
124,jynx,Ice,Psychic,65,50,35,115,95,95,455,1.0
125,electabuzz,Electric,,65,83,57,95,85,105,490,1.0
126,magmar,Fire,,65,95,57,100,85,93,495,1.0
127,pinsir,Bug,,65,125,100,55,70,85,500,1.0
128,tauros,Normal,,75,100,95,40,70,110,490,1.0
129,magikarp,Water,,20,10,55,15,20,80,200,1.0
130,gyarados,Water,Flying,95,125,79,60,100,81,540,1.0
131,lapras,Water,Ice,130,85,80,85,95,60,535,1.0
132,ditto,Normal,,48,48,48,48,48,48,288,1.0
133,eevee,Normal,,55,55,50,45,65,55,325,1.0
134,vaporeon,Water,,130,65,60,110,95,65,525,1.0
135,jolteon,Electric,,65,65,60,110,95,130,525,1.0
136,flareon,Fire,,65,130,60,95,110,65,525,1.0
137,porygon,Normal,,65,60,70,85,75,40,395,1.0
138,omanyte,Rock,Water,35,40,100,90,55,35,355,1.0
139,omastar,Rock,Water,70,60,125,115,70,55,495,1.0
140,kabuto,Rock,Water,30,80,90,55,45,55,355,1.0
141,kabutops,Rock,Water,60,115,105,65,70,80,495,1.0
142,aerodactyl,Rock,Flying,80,105,65,60,75,130,515,1.0
143,snorlax,Normal,,160,110,65,65,110,30,540,1.0
144,articuno,Ice,Flying,90,85,100,95,125,85,580,1.0
145,zapdos,Electric,Flying,90,90,85,125,90,100,580,1.0
146,moltres,Fire,Flying,90,100,90,125,85,90,580,1.0
147,dratini,Dragon,,41,64,45,50,50,50,300,1.0
148,dragonair,Dragon,,61,84,65,70,70,70,420,1.0
149,dragonite,Dragon,Flying,91,134,95,100,100,80,600,1.0
150,mewtwo,Psychic,,106,110,90,154,90,130,680,1.0
151,mew,Psychic,,100,100,100,100,100,100,600,1.0
152,chikorita,Grass,,45,49,65,49,65,45,318,2.0
153,bayleef,Grass,,60,62,80,63,80,60,405,2.0
154,meganium,Grass,,80,82,100,83,100,80,525,2.0
155,cyndaquil,Fire,,39,52,43,60,50,65,309,2.0
156,quilava,Fire,,58,64,58,80,65,80,405,2.0
157,typhlosion,Fire,,78,84,78,109,85,100,534,2.0
158,totodile,Water,,50,65,64,44,48,43,314,2.0
159,croconaw,Water,,65,80,80,59,63,58,405,2.0
160,feraligatr,Water,,85,105,100,79,83,78,530,2.0
161,sentret,Normal,,35,46,34,35,45,20,215,2.0
162,furret,Normal,,85,76,64,45,55,90,415,2.0
163,hoothoot,Normal,Flying,60,30,30,36,56,50,262,2.0
164,noctowl,Normal,Flying,100,50,50,86,96,70,452,2.0
165,ledyba,Bug,Flying,40,20,30,40,80,55,265,2.0
166,ledian,Bug,Flying,55,35,50,55,110,85,390,2.0
167,spinarak,Bug,Poison,40,60,40,40,40,30,250,2.0
168,ariados,Bug,Poison,70,90,70,60,70,40,400,2.0
169,crobat,Poison,Flying,85,90,80,70,80,130,535,2.0
170,chinchou,Water,Electric,75,38,38,56,56,67,330,2.0
171,lanturn,Water,Electric,125,58,58,76,76,67,460,2.0
172,pichu,Electric,,20,40,15,35,35,60,205,2.0
173,cleffa,Fairy,,50,25,28,45,55,15,218,2.0
174,igglybuff,Normal,Fairy,90,30,15,40,20,15,210,2.0
175,togepi,Fairy,,35,20,65,40,65,20,245,2.0
176,togetic,Fairy,Flying,55,40,85,80,105,40,405,2.0
177,natu,Psychic,Flying,40,50,45,70,45,70,320,2.0
178,xatu,Psychic,Flying,65,75,70,95,70,95,470,2.0
179,mareep,Electric,,55,40,40,65,45,35,280,2.0
180,flaaffy,Electric,,70,55,55,80,60,45,365,2.0
181,ampharos,Electric,,90,75,85,115,90,55,510,2.0
182,bellossom,Grass,,75,80,95,90,100,50,490,2.0
183,marill,Water,Fairy,70,20,50,20,50,40,250,2.0
184,azumarill,Water,Fairy,100,50,80,60,80,50,420,2.0
185,sudowoodo,Rock,,70,100,115,30,65,30,410,2.0
186,politoed,Water,,90,75,75,90,100,70,500,2.0
187,hoppip,Grass,Flying,35,35,40,35,55,50,250,2.0
188,skiploom,Grass,Flying,55,45,50,45,65,80,340,2.0
189,jumpluff,Grass,Flying,75,55,70,55,95,110,460,2.0
190,aipom,Normal,,55,70,55,40,55,85,360,2.0
191,sunkern,Grass,,30,30,30,30,30,30,180,2.0
192,sunflora,Grass,,75,75,55,105,85,30,425,2.0
193,yanma,Bug,Flying,65,65,45,75,45,95,390,2.0
194,wooper,Water,Ground,55,45,45,25,25,15,210,2.0
195,quagsire,Water,Ground,95,85,85,65,65,35,430,2.0
196,espeon,Psychic,,65,65,60,130,95,110,525,2.0
197,umbreon,Dark,,95,65,110,60,130,65,525,2.0
198,murkrow,Dark,Flying,60,85,42,85,42,91,405,2.0
199,slowking,Water,Psychic,95,75,80,100,110,30,490,2.0
200,misdreavus,Ghost,,60,60,60,85,85,85,435,2.0
201,unown,Psychic,,48,72,48,72,48,48,336,2.0
202,wobbuffet,Psychic,,190,33,58,33,58,33,405,2.0
203,girafarig,Normal,Psychic,70,80,65,90,65,85,455,2.0
204,pineco,Bug,,50,65,90,35,35,15,290,2.0
205,forretress,Bug,Steel,75,90,140,60,60,40,465,2.0
206,dunsparce,Normal,,100,70,70,65,65,45,415,2.0
207,gligar,Ground,Flying,65,75,105,35,65,85,430,2.0
208,steelix,Steel,Ground,75,85,200,55,65,30,510,2.0
209,snubbull,Fairy,,60,80,50,40,40,30,300,2.0
210,granbull,Fairy,,90,120,75,60,60,45,450,2.0
211,qwilfish,Water,Poison,65,95,85,55,55,85,440,2.0
212,scizor,Bug,Steel,70,130,100,55,80,65,500,2.0
213,shuckle,Bug,Rock,20,10,230,10,230,5,505,2.0
214,heracross,Bug,Fighting,80,125,75,40,95,85,500,2.0
215,sneasel,Dark,Ice,55,95,55,35,75,115,430,2.0
216,teddiursa,Normal,,60,80,50,50,50,40,330,2.0
217,ursaring,Normal,,90,130,75,75,75,55,500,2.0
218,slugma,Fire,,40,40,40,70,40,20,250,2.0
219,magcargo,Fire,Rock,60,50,120,90,80,30,430,2.0
220,swinub,Ice,Ground,50,50,40,30,30,50,250,2.0
221,piloswine,Ice,Ground,100,100,80,60,60,50,450,2.0
222,corsola,Water,Rock,65,55,95,65,95,35,410,2.0
223,remoraid,Water,,35,65,35,65,35,65,300,2.0
224,octillery,Water,,75,105,75,105,75,45,480,2.0
225,delibird,Ice,Flying,45,55,45,65,45,75,330,2.0
226,mantine,Water,Flying,85,40,70,80,140,70,485,2.0
227,skarmory,Steel,Flying,65,80,140,40,70,70,465,2.0
228,houndour,Dark,Fire,45,60,30,80,50,65,330,2.0
229,houndoom,Dark,Fire,75,90,50,110,80,95,500,2.0
230,kingdra,Water,Dragon,75,95,95,95,95,85,540,2.0
231,phanpy,Ground,,90,60,60,40,40,40,330,2.0
232,donphan,Ground,,90,120,120,60,60,50,500,2.0
233,porygon2,Normal,,85,80,90,105,95,60,515,2.0
234,stantler,Normal,,73,95,62,85,65,85,465,2.0
235,smeargle,Normal,,55,20,35,20,45,75,250,2.0
236,tyrogue,Fighting,,35,35,35,35,35,35,210,2.0
237,hitmontop,Fighting,,50,95,95,35,110,70,455,2.0
238,smoochum,Ice,Psychic,45,30,15,85,65,65,305,2.0
239,elekid,Electric,,45,63,37,65,55,95,360,2.0
240,magby,Fire,,45,75,37,70,55,83,365,2.0
241,miltank,Normal,,95,80,105,40,70,100,490,2.0
242,blissey,Normal,,255,10,10,75,135,55,540,2.0
243,raikou,Electric,,90,85,75,115,100,115,580,2.0
244,entei,Fire,,115,115,85,90,75,100,580,2.0
245,suicune,Water,,100,75,115,90,115,85,580,2.0
246,larvitar,Rock,Ground,50,64,50,45,50,41,300,2.0
247,pupitar,Rock,Ground,70,84,70,65,70,51,410,2.0
248,tyranitar,Rock,Dark,100,134,110,95,100,61,600,2.0
249,lugia,Psychic,Flying,106,90,130,90,154,110,680,2.0
250,ho-oh,Fire,Flying,106,130,90,110,154,90,680,2.0
251,celebi,Psychic,Grass,100,100,100,100,100,100,600,2.0
252,treecko,Grass,,40,45,35,65,55,70,310,3.0
253,grovyle,Grass,,50,65,45,85,65,95,405,3.0
254,sceptile,Grass,,70,85,65,105,85,120,530,3.0
255,torchic,Fire,,45,60,40,70,50,45,310,3.0
256,combusken,Fire,Fighting,60,85,60,85,60,55,405,3.0
257,blaziken,Fire,Fighting,80,120,70,110,70,80,530,3.0
258,mudkip,Water,,50,70,50,50,50,40,310,3.0
259,marshtomp,Water,Ground,70,85,70,60,70,50,405,3.0
260,swampert,Water,Ground,100,110,90,85,90,60,535,3.0
261,poochyena,Dark,,35,55,35,30,30,35,220,3.0
262,mightyena,Dark,,70,90,70,60,60,70,420,3.0
263,zigzagoon,Normal,,38,30,41,30,41,60,240,3.0
264,linoone,Normal,,78,70,61,50,61,100,420,3.0
265,wurmple,Bug,,45,45,35,20,30,20,195,3.0
266,silcoon,Bug,,50,35,55,25,25,15,205,3.0
267,beautifly,Bug,Flying,60,70,50,100,50,65,395,3.0
268,cascoon,Bug,,50,35,55,25,25,15,205,3.0
269,dustox,Bug,Poison,60,50,70,50,90,65,385,3.0
270,lotad,Water,Grass,40,30,30,40,50,30,220,3.0
271,lombre,Water,Grass,60,50,50,60,70,50,340,3.0
272,ludicolo,Water,Grass,80,70,70,90,100,70,480,3.0
273,seedot,Grass,,40,40,50,30,30,30,220,3.0
274,nuzleaf,Grass,Dark,70,70,40,60,40,60,340,3.0
275,shiftry,Grass,Dark,90,100,60,90,60,80,480,3.0
276,taillow,Normal,Flying,40,55,30,30,30,85,270,3.0
277,swellow,Normal,Flying,60,85,60,75,50,125,455,3.0
278,wingull,Water,Flying,40,30,30,55,30,85,270,3.0
279,pelipper,Water,Flying,60,50,100,95,70,65,440,3.0
280,ralts,Psychic,Fairy,28,25,25,45,35,40,198,3.0
281,kirlia,Psychic,Fairy,38,35,35,65,55,50,278,3.0
282,gardevoir,Psychic,Fairy,68,65,65,125,115,80,518,3.0
283,surskit,Bug,Water,40,30,32,50,52,65,269,3.0
284,masquerain,Bug,Flying,70,60,62,100,82,80,454,3.0
285,shroomish,Grass,,60,40,60,40,60,35,295,3.0
286,breloom,Grass,Fighting,60,130,80,60,60,70,460,3.0
287,slakoth,Normal,,60,60,60,35,35,30,280,3.0
288,vigoroth,Normal,,80,80,80,55,55,90,440,3.0
289,slaking,Normal,,150,160,100,95,65,100,670,3.0
290,nincada,Bug,Ground,31,45,90,30,30,40,266,3.0
291,ninjask,Bug,Flying,61,90,45,50,50,160,456,3.0
292,shedinja,Bug,Ghost,1,90,45,30,30,40,236,3.0
293,whismur,Normal,,64,51,23,51,23,28,240,3.0
294,loudred,Normal,,84,71,43,71,43,48,360,3.0
295,exploud,Normal,,104,91,63,91,73,68,490,3.0
296,makuhita,Fighting,,72,60,30,20,30,25,237,3.0
297,hariyama,Fighting,,144,120,60,40,60,50,474,3.0
298,azurill,Normal,Fairy,50,20,40,20,40,20,190,3.0
299,nosepass,Rock,,30,45,135,45,90,30,375,3.0
300,skitty,Normal,,50,45,45,35,35,50,260,3.0
301,delcatty,Normal,,70,65,65,55,55,90,400,3.0
302,sableye,Dark,Ghost,50,75,75,65,65,50,380,3.0
303,mawile,Steel,Fairy,50,85,85,55,55,50,380,3.0
304,aron,Steel,Rock,50,70,100,40,40,30,330,3.0
305,lairon,Steel,Rock,60,90,140,50,50,40,430,3.0
306,aggron,Steel,Rock,70,110,180,60,60,50,530,3.0
307,meditite,Fighting,Psychic,30,40,55,40,55,60,280,3.0
308,medicham,Fighting,Psychic,60,60,75,60,75,80,410,3.0
309,electrike,Electric,,40,45,40,65,40,65,295,3.0
310,manectric,Electric,,70,75,60,105,60,105,475,3.0
311,plusle,Electric,,60,50,40,85,75,95,405,3.0
312,minun,Electric,,60,40,50,75,85,95,405,3.0
313,volbeat,Bug,,65,73,75,47,85,85,430,3.0
314,illumise,Bug,,65,47,75,73,85,85,430,3.0
315,roselia,Grass,Poison,50,60,45,100,80,65,400,3.0
316,gulpin,Poison,,70,43,53,43,53,40,302,3.0
317,swalot,Poison,,100,73,83,73,83,55,467,3.0
318,carvanha,Water,Dark,45,90,20,65,20,65,305,3.0
319,sharpedo,Water,Dark,70,120,40,95,40,95,460,3.0
320,wailmer,Water,,130,70,35,70,35,60,400,3.0
321,wailord,Water,,170,90,45,90,45,60,500,3.0
322,numel,Fire,Ground,60,60,40,65,45,35,305,3.0
323,camerupt,Fire,Ground,70,100,70,105,75,40,460,3.0
324,torkoal,Fire,,70,85,140,85,70,20,470,3.0
325,spoink,Psychic,,60,25,35,70,80,60,330,3.0
326,grumpig,Psychic,,80,45,65,90,110,80,470,3.0
327,spinda,Normal,,60,60,60,60,60,60,360,3.0
328,trapinch,Ground,,45,100,45,45,45,10,290,3.0
329,vibrava,Ground,Dragon,50,70,50,50,50,70,340,3.0
330,flygon,Ground,Dragon,80,100,80,80,80,100,520,3.0
331,cacnea,Grass,,50,85,40,85,40,35,335,3.0
332,cacturne,Grass,Dark,70,115,60,115,60,55,475,3.0
333,swablu,Normal,Flying,45,40,60,40,75,50,310,3.0
334,altaria,Dragon,Flying,75,70,90,70,105,80,490,3.0
335,zangoose,Normal,,73,115,60,60,60,90,458,3.0
336,seviper,Poison,,73,100,60,100,60,65,458,3.0
337,lunatone,Rock,Psychic,90,55,65,95,85,70,460,3.0
338,solrock,Rock,Psychic,90,95,85,55,65,70,460,3.0
339,barboach,Water,Ground,50,48,43,46,41,60,288,3.0
340,whiscash,Water,Ground,110,78,73,76,71,60,468,3.0
341,corphish,Water,,43,80,65,50,35,35,308,3.0
342,crawdaunt,Water,Dark,63,120,85,90,55,55,468,3.0
343,baltoy,Ground,Psychic,40,40,55,40,70,55,300,3.0
344,claydol,Ground,Psychic,60,70,105,70,120,75,500,3.0
345,lileep,Rock,Grass,66,41,77,61,87,23,355,3.0
346,cradily,Rock,Grass,86,81,97,81,107,43,495,3.0
347,anorith,Rock,Bug,45,95,50,40,50,75,355,3.0
348,armaldo,Rock,Bug,75,125,100,70,80,45,495,3.0
349,feebas,Water,,20,15,20,10,55,80,200,3.0
350,milotic,Water,,95,60,79,100,125,81,540,3.0
351,castform,Normal,,70,70,70,70,70,70,420,3.0
352,kecleon,Normal,,60,90,70,60,120,40,440,3.0
353,shuppet,Ghost,,44,75,35,63,33,45,295,3.0
354,banette,Ghost,,64,115,65,83,63,65,455,3.0
355,duskull,Ghost,,20,40,90,30,90,25,295,3.0
356,dusclops,Ghost,,40,70,130,60,130,25,455,3.0
357,tropius,Grass,Flying,99,68,83,72,87,51,460,3.0
358,chimecho,Psychic,,75,50,80,95,90,65,455,3.0
359,absol,Dark,,65,130,60,75,60,75,465,3.0
360,wynaut,Psychic,,95,23,48,23,48,23,260,3.0
361,snorunt,Ice,,50,50,50,50,50,50,300,3.0
362,glalie,Ice,,80,80,80,80,80,80,480,3.0
363,spheal,Ice,Water,70,40,50,55,50,25,290,3.0
364,sealeo,Ice,Water,90,60,70,75,70,45,410,3.0
365,walrein,Ice,Water,110,80,90,95,90,65,530,3.0
366,clamperl,Water,,35,64,85,74,55,32,345,3.0
367,huntail,Water,,55,104,105,94,75,52,485,3.0
368,gorebyss,Water,,55,84,105,114,75,52,485,3.0
369,relicanth,Water,Rock,100,90,130,45,65,55,485,3.0
370,luvdisc,Water,,43,30,55,40,65,97,330,3.0
371,bagon,Dragon,,45,75,60,40,30,50,300,3.0
372,shelgon,Dragon,,65,95,100,60,50,50,420,3.0
373,salamence,Dragon,Flying,95,135,80,110,80,100,600,3.0
374,beldum,Steel,Psychic,40,55,80,35,60,30,300,3.0
375,metang,Steel,Psychic,60,75,100,55,80,50,420,3.0
376,metagross,Steel,Psychic,80,135,130,95,90,70,600,3.0
377,regirock,Rock,,80,100,200,50,100,50,580,3.0
378,regice,Ice,,80,50,100,100,200,50,580,3.0
379,registeel,Steel,,80,75,150,75,150,50,580,3.0
380,latias,Dragon,Psychic,80,80,90,110,130,110,600,3.0
381,latios,Dragon,Psychic,80,90,80,130,110,110,600,3.0
382,kyogre,Water,,100,100,90,150,140,90,670,3.0
383,groudon,Ground,,100,150,140,100,90,90,670,3.0
384,rayquaza,Dragon,Flying,105,150,90,150,90,95,680,3.0
385,jirachi,Steel,Psychic,100,100,100,100,100,100,600,3.0
386,deoxys,Psychic,,50,150,50,150,50,150,600,3.0
387,turtwig,Grass,,55,68,64,45,55,31,318,4.0
388,grotle,Grass,,75,89,85,55,65,36,405,4.0
389,torterra,Grass,Ground,95,109,105,75,85,56,525,4.0
390,chimchar,Fire,,44,58,44,58,44,61,309,4.0
391,monferno,Fire,Fighting,64,78,52,78,52,81,405,4.0
392,infernape,Fire,Fighting,76,104,71,104,71,108,534,4.0
393,piplup,Water,,53,51,53,61,56,40,314,4.0
394,prinplup,Water,,64,66,68,81,76,50,405,4.0
395,empoleon,Water,Steel,84,86,88,111,101,60,530,4.0
396,starly,Normal,Flying,40,55,30,30,30,60,245,4.0
397,staravia,Normal,Flying,55,75,50,40,40,80,340,4.0
398,staraptor,Normal,Flying,85,120,70,50,60,100,485,4.0
399,bidoof,Normal,,59,45,40,35,40,31,250,4.0
400,bibarel,Normal,Water,79,85,60,55,60,71,410,4.0
401,kricketot,Bug,,37,25,41,25,41,25,194,4.0
402,kricketune,Bug,,77,85,51,55,51,65,384,4.0
403,shinx,Electric,,45,65,34,40,34,45,263,4.0
404,luxio,Electric,,60,85,49,60,49,60,363,4.0
405,luxray,Electric,,80,120,79,95,79,70,523,4.0
406,budew,Grass,Poison,40,30,35,50,70,55,280,4.0
407,roserade,Grass,Poison,60,70,65,125,105,90,515,4.0
408,cranidos,Rock,,67,125,40,30,30,58,350,4.0
409,rampardos,Rock,,97,165,60,65,50,58,495,4.0
410,shieldon,Rock,Steel,30,42,118,42,88,30,350,4.0
411,bastiodon,Rock,Steel,60,52,168,47,138,30,495,4.0
412,burmy,Bug,,40,29,45,29,45,36,224,4.0
413,wormadam,Bug,Grass,60,59,85,79,105,36,424,4.0
414,mothim,Bug,Flying,70,94,50,94,50,66,424,4.0
415,combee,Bug,Flying,30,30,42,30,42,70,244,4.0
416,vespiquen,Bug,Flying,70,80,102,80,102,40,474,4.0
417,pachirisu,Electric,,60,45,70,45,90,95,405,4.0
418,buizel,Water,,55,65,35,60,30,85,330,4.0
419,floatzel,Water,,85,105,55,85,50,115,495,4.0
420,cherubi,Grass,,45,35,45,62,53,35,275,4.0
421,cherrim,Grass,,70,60,70,87,78,85,450,4.0
422,shellos,Water,,76,48,48,57,62,34,325,4.0
423,gastrodon,Water,Ground,111,83,68,92,82,39,475,4.0
424,ambipom,Normal,,75,100,66,60,66,115,482,4.0
425,drifloon,Ghost,Flying,90,50,34,60,44,70,348,4.0
426,drifblim,Ghost,Flying,150,80,44,90,54,80,498,4.0
427,buneary,Normal,,55,66,44,44,56,85,350,4.0
428,lopunny,Normal,,65,76,84,54,96,105,480,4.0
429,mismagius,Ghost,,60,60,60,105,105,105,495,4.0
430,honchkrow,Dark,Flying,100,125,52,105,52,71,505,4.0
431,glameow,Normal,,49,55,42,42,37,85,310,4.0
432,purugly,Normal,,71,82,64,64,59,112,452,4.0
433,chingling,Psychic,,45,30,50,65,50,45,285,4.0
434,stunky,Poison,Dark,63,63,47,41,41,74,329,4.0
435,skuntank,Poison,Dark,103,93,67,71,61,84,479,4.0
436,bronzor,Steel,Psychic,57,24,86,24,86,23,300,4.0
437,bronzong,Steel,Psychic,67,89,116,79,116,33,500,4.0
438,bonsly,Rock,,50,80,95,10,45,10,290,4.0
439,mime jr.,Psychic,Fairy,20,25,45,70,90,60,310,4.0
440,happiny,Normal,,100,5,5,15,65,30,220,4.0
441,chatot,Normal,Flying,76,65,45,92,42,91,411,4.0
442,spiritomb,Ghost,Dark,50,92,108,92,108,35,485,4.0
443,gible,Dragon,Ground,58,70,45,40,45,42,300,4.0
444,gabite,Dragon,Ground,68,90,65,50,55,82,410,4.0
445,garchomp,Dragon,Ground,108,130,95,80,85,102,600,4.0
446,munchlax,Normal,,135,85,40,40,85,5,390,4.0
447,riolu,Fighting,,40,70,40,35,40,60,285,4.0
448,lucario,Fighting,Steel,70,110,70,115,70,90,525,4.0
449,hippopotas,Ground,,68,72,78,38,42,32,330,4.0
450,hippowdon,Ground,,108,112,118,68,72,47,525,4.0
451,skorupi,Poison,Bug,40,50,90,30,55,65,330,4.0
452,drapion,Poison,Dark,70,90,110,60,75,95,500,4.0
453,croagunk,Poison,Fighting,48,61,40,61,40,50,300,4.0
454,toxicroak,Poison,Fighting,83,106,65,86,65,85,490,4.0
455,carnivine,Grass,,74,100,72,90,72,46,454,4.0
456,finneon,Water,,49,49,56,49,61,66,330,4.0
457,lumineon,Water,,69,69,76,69,86,91,460,4.0
458,mantyke,Water,Flying,45,20,50,60,120,50,345,4.0
459,snover,Grass,Ice,60,62,50,62,60,40,334,4.0
460,abomasnow,Grass,Ice,90,92,75,92,85,60,494,4.0
461,weavile,Dark,Ice,70,120,65,45,85,125,510,4.0
462,magnezone,Electric,Steel,70,70,115,130,90,60,535,4.0
463,lickilicky,Normal,,110,85,95,80,95,50,515,4.0
464,rhyperior,Ground,Rock,115,140,130,55,55,40,535,4.0
465,tangrowth,Grass,,100,100,125,110,50,50,535,4.0
466,electivire,Electric,,75,123,67,95,85,95,540,4.0
467,magmortar,Fire,,75,95,67,125,95,83,540,4.0
468,togekiss,Fairy,Flying,85,50,95,120,115,80,545,4.0
469,yanmega,Bug,Flying,86,76,86,116,56,95,515,4.0
470,leafeon,Grass,,65,110,130,60,65,95,525,4.0
471,glaceon,Ice,,65,60,110,130,95,65,525,4.0
472,gliscor,Ground,Flying,75,95,125,45,75,95,510,4.0
473,mamoswine,Ice,Ground,110,130,80,70,60,80,530,4.0
474,porygon-z,Normal,,85,80,70,135,75,90,535,4.0
475,gallade,Psychic,Fighting,68,125,65,65,115,80,518,4.0
476,probopass,Rock,Steel,60,55,145,75,150,40,525,4.0
477,dusknoir,Ghost,,45,100,135,65,135,45,525,4.0
478,froslass,Ice,Ghost,70,80,70,80,70,110,480,4.0
479,rotom,Electric,Ghost,50,50,77,95,77,91,440,4.0
480,uxie,Psychic,,75,75,130,75,130,95,580,4.0
481,mesprit,Psychic,,80,105,105,105,105,80,580,4.0
482,azelf,Psychic,,75,125,70,125,70,115,580,4.0
483,dialga,Steel,Dragon,100,120,120,150,100,90,680,4.0
484,palkia,Water,Dragon,90,120,100,150,120,100,680,4.0
485,heatran,Fire,Steel,91,90,106,130,106,77,600,4.0
486,regigigas,Normal,,110,160,110,80,110,100,670,4.0
487,giratina,Ghost,Dragon,150,100,120,100,120,90,680,4.0
488,cresselia,Psychic,,120,70,120,75,130,85,600,4.0
489,phione,Water,,80,80,80,80,80,80,480,4.0
490,manaphy,Water,,100,100,100,100,100,100,600,4.0
491,darkrai,Dark,,70,90,90,135,90,125,600,4.0
492,shaymin,Grass,,100,100,100,100,100,100,600,4.0
493,arceus,Normal,,120,120,120,120,120,120,720,4.0
494,victini,Psychic,Fire,100,100,100,100,100,100,600,5.0
495,snivy,Grass,,45,45,55,45,55,63,308,5.0
496,servine,Grass,,60,60,75,60,75,83,413,5.0
497,serperior,Grass,,75,75,95,75,95,113,528,5.0
498,tepig,Fire,,65,63,45,45,45,45,308,5.0
499,pignite,Fire,Fighting,90,93,55,70,55,55,418,5.0
500,emboar,Fire,Fighting,110,123,65,100,65,65,528,5.0
501,oshawott,Water,,55,55,45,63,45,45,308,5.0
502,dewott,Water,,75,75,60,83,60,60,413,5.0
503,samurott,Water,,95,100,85,108,70,70,528,5.0
504,patrat,Normal,,45,55,39,35,39,42,255,5.0
505,watchog,Normal,,60,85,69,60,69,77,420,5.0
506,lillipup,Normal,,45,60,45,25,45,55,275,5.0
507,herdier,Normal,,65,80,65,35,65,60,370,5.0
508,stoutland,Normal,,85,110,90,45,90,80,500,5.0
509,purrloin,Dark,,41,50,37,50,37,66,281,5.0
510,liepard,Dark,,64,88,50,88,50,106,446,5.0
511,pansage,Grass,,50,53,48,53,48,64,316,5.0
512,simisage,Grass,,75,98,63,98,63,101,498,5.0
513,pansear,Fire,,50,53,48,53,48,64,316,5.0
514,simisear,Fire,,75,98,63,98,63,101,498,5.0
515,panpour,Water,,50,53,48,53,48,64,316,5.0
516,simipour,Water,,75,98,63,98,63,101,498,5.0
517,munna,Psychic,,76,25,45,67,55,24,292,5.0
518,musharna,Psychic,,116,55,85,107,95,29,487,5.0
519,pidove,Normal,Flying,50,55,50,36,30,43,264,5.0
520,tranquill,Normal,Flying,62,77,62,50,42,65,358,5.0
521,unfezant,Normal,Flying,80,115,80,65,55,93,488,5.0
522,blitzle,Electric,,45,60,32,50,32,76,295,5.0
523,zebstrika,Electric,,75,100,63,80,63,116,497,5.0
524,roggenrola,Rock,,55,75,85,25,25,15,280,5.0
525,boldore,Rock,,70,105,105,50,40,20,390,5.0
526,gigalith,Rock,,85,135,130,60,80,25,515,5.0
527,woobat,Psychic,Flying,65,45,43,55,43,72,323,5.0
528,swoobat,Psychic,Flying,67,57,55,77,55,114,425,5.0
529,drilbur,Ground,,60,85,40,30,45,68,328,5.0
530,excadrill,Ground,Steel,110,135,60,50,65,88,508,5.0
531,audino,Normal,,103,60,86,60,86,50,445,5.0
532,timburr,Fighting,,75,80,55,25,35,35,305,5.0
533,gurdurr,Fighting,,85,105,85,40,50,40,405,5.0
534,conkeldurr,Fighting,,105,140,95,55,65,45,505,5.0
535,tympole,Water,,50,50,40,50,40,64,294,5.0
536,palpitoad,Water,Ground,75,65,55,65,55,69,384,5.0
537,seismitoad,Water,Ground,105,95,75,85,75,74,509,5.0
538,throh,Fighting,,120,100,85,30,85,45,465,5.0
539,sawk,Fighting,,75,125,75,30,75,85,465,5.0
540,sewaddle,Bug,Grass,45,53,70,40,60,42,310,5.0
541,swadloon,Bug,Grass,55,63,90,50,80,42,380,5.0
542,leavanny,Bug,Grass,75,103,80,70,80,92,500,5.0
543,venipede,Bug,Poison,30,45,59,30,39,57,260,5.0
544,whirlipede,Bug,Poison,40,55,99,40,79,47,360,5.0
545,scolipede,Bug,Poison,60,100,89,55,69,112,485,5.0
546,cottonee,Grass,Fairy,40,27,60,37,50,66,280,5.0
547,whimsicott,Grass,Fairy,60,67,85,77,75,116,480,5.0
548,petilil,Grass,,45,35,50,70,50,30,280,5.0
549,lilligant,Grass,,70,60,75,110,75,90,480,5.0
550,basculin,Water,,70,92,65,80,55,98,460,5.0
551,sandile,Ground,Dark,50,72,35,35,35,65,292,5.0
552,krokorok,Ground,Dark,60,82,45,45,45,74,351,5.0
553,krookodile,Ground,Dark,95,117,80,65,70,92,519,5.0
554,darumaka,Fire,,70,90,45,15,45,50,315,5.0
555,darmanitan,Fire,,105,140,55,30,55,95,480,5.0
556,maractus,Grass,,75,86,67,106,67,60,461,5.0
557,dwebble,Bug,Rock,50,65,85,35,35,55,325,5.0
558,crustle,Bug,Rock,70,105,125,65,75,45,485,5.0
559,scraggy,Dark,Fighting,50,75,70,35,70,48,348,5.0
560,scrafty,Dark,Fighting,65,90,115,45,115,58,488,5.0
561,sigilyph,Psychic,Flying,72,58,80,103,80,97,490,5.0
562,yamask,Ghost,,38,30,85,55,65,30,303,5.0
563,cofagrigus,Ghost,,58,50,145,95,105,30,483,5.0
564,tirtouga,Water,Rock,54,78,103,53,45,22,355,5.0
565,carracosta,Water,Rock,74,108,133,83,65,32,495,5.0
566,archen,Rock,Flying,55,112,45,74,45,70,401,5.0
567,archeops,Rock,Flying,75,140,65,112,65,110,567,5.0
568,trubbish,Poison,,50,50,62,40,62,65,329,5.0
569,garbodor,Poison,,80,95,82,60,82,75,474,5.0
570,zorua,Dark,,40,65,40,80,40,65,330,5.0
571,zoroark,Dark,,60,105,60,120,60,105,510,5.0
572,minccino,Normal,,55,50,40,40,40,75,300,5.0
573,cinccino,Normal,,75,95,60,65,60,115,470,5.0
574,gothita,Psychic,,45,30,50,55,65,45,290,5.0
575,gothorita,Psychic,,60,45,70,75,85,55,390,5.0
576,gothitelle,Psychic,,70,55,95,95,110,65,490,5.0
577,solosis,Psychic,,45,30,40,105,50,20,290,5.0
578,duosion,Psychic,,65,40,50,125,60,30,370,5.0
579,reuniclus,Psychic,,110,65,75,125,85,30,490,5.0
580,ducklett,Water,Flying,62,44,50,44,50,55,305,5.0
581,swanna,Water,Flying,75,87,63,87,63,98,473,5.0
582,vanillite,Ice,,36,50,50,65,60,44,305,5.0
583,vanillish,Ice,,51,65,65,80,75,59,395,5.0
584,vanilluxe,Ice,,71,95,85,110,95,79,535,5.0
585,deerling,Normal,Grass,60,60,50,40,50,75,335,5.0
586,sawsbuck,Normal,Grass,80,100,70,60,70,95,475,5.0
587,emolga,Electric,Flying,55,75,60,75,60,103,428,5.0
588,karrablast,Bug,,50,75,45,40,45,60,315,5.0
589,escavalier,Bug,Steel,70,135,105,60,105,20,495,5.0
590,foongus,Grass,Poison,69,55,45,55,55,15,294,5.0
591,amoonguss,Grass,Poison,114,85,70,85,80,30,464,5.0
592,frillish,Water,Ghost,55,40,50,65,85,40,335,5.0
593,jellicent,Water,Ghost,100,60,70,85,105,60,480,5.0
594,alomomola,Water,,165,75,80,40,45,65,470,5.0
595,joltik,Bug,Electric,50,47,50,57,50,65,319,5.0
596,galvantula,Bug,Electric,70,77,60,97,60,108,472,5.0
597,ferroseed,Grass,Steel,44,50,91,24,86,10,305,5.0
598,ferrothorn,Grass,Steel,74,94,131,54,116,20,489,5.0
599,klink,Steel,,40,55,70,45,60,30,300,5.0
600,klang,Steel,,60,80,95,70,85,50,440,5.0
601,klinklang,Steel,,60,100,115,70,85,90,520,5.0
602,tynamo,Electric,,35,55,40,45,40,60,275,5.0
603,eelektrik,Electric,,65,85,70,75,70,40,405,5.0
604,eelektross,Electric,,85,115,80,105,80,50,515,5.0
605,elgyem,Psychic,,55,55,55,85,55,30,335,5.0
606,beheeyem,Psychic,,75,75,75,125,95,40,485,5.0
607,litwick,Ghost,Fire,50,30,55,65,55,20,275,5.0
608,lampent,Ghost,Fire,60,40,60,95,60,55,370,5.0
609,chandelure,Ghost,Fire,60,55,90,145,90,80,520,5.0
610,axew,Dragon,,46,87,60,30,40,57,320,5.0
611,fraxure,Dragon,,66,117,70,40,50,67,410,5.0
612,haxorus,Dragon,,76,147,90,60,70,97,540,5.0
613,cubchoo,Ice,,55,70,40,60,40,40,305,5.0
614,beartic,Ice,,95,130,80,70,80,50,505,5.0
615,cryogonal,Ice,,80,50,50,95,135,105,515,5.0
616,shelmet,Bug,,50,40,85,40,65,25,305,5.0
617,accelgor,Bug,,80,70,40,100,60,145,495,5.0
618,stunfisk,Ground,Electric,109,66,84,81,99,32,471,5.0
619,mienfoo,Fighting,,45,85,50,55,50,65,350,5.0
620,mienshao,Fighting,,65,125,60,95,60,105,510,5.0
621,druddigon,Dragon,,77,120,90,60,90,48,485,5.0
622,golett,Ground,Ghost,59,74,50,35,50,35,303,5.0
623,golurk,Ground,Ghost,89,124,80,55,80,55,483,5.0
624,pawniard,Dark,Steel,45,85,70,40,40,60,340,5.0
625,bisharp,Dark,Steel,65,125,100,60,70,70,490,5.0
626,bouffalant,Normal,,95,110,95,40,95,55,490,5.0
627,rufflet,Normal,Flying,70,83,50,37,50,60,350,5.0
628,braviary,Normal,Flying,100,123,75,57,75,80,510,5.0
629,vullaby,Dark,Flying,70,55,75,45,65,60,370,5.0
630,mandibuzz,Dark,Flying,110,65,105,55,95,80,510,5.0
631,heatmor,Fire,,85,97,66,105,66,65,484,5.0
632,durant,Bug,Steel,58,109,112,48,48,109,484,5.0
633,deino,Dark,Dragon,52,65,50,45,50,38,300,5.0
634,zweilous,Dark,Dragon,72,85,70,65,70,58,420,5.0
635,hydreigon,Dark,Dragon,92,105,90,125,90,98,600,5.0
636,larvesta,Bug,Fire,55,85,55,50,55,60,360,5.0
637,volcarona,Bug,Fire,85,60,65,135,105,100,550,5.0
638,cobalion,Steel,Fighting,91,90,129,90,72,108,580,5.0
639,terrakion,Rock,Fighting,91,129,90,72,90,108,580,5.0
640,virizion,Grass,Fighting,91,90,72,90,129,108,580,5.0
641,tornadus,Flying,,79,115,70,125,80,111,580,5.0
642,thundurus,Electric,Flying,79,115,70,125,80,111,580,5.0
643,reshiram,Dragon,Fire,100,120,100,150,120,90,680,5.0
644,zekrom,Dragon,Electric,100,150,120,120,100,90,680,5.0
645,landorus,Ground,Flying,89,125,90,115,80,101,600,5.0
646,kyurem,Dragon,Ice,125,130,90,130,90,95,660,5.0
647,keldeo,Water,Fighting,91,72,90,129,90,108,580,5.0
648,meloetta,Normal,Psychic,100,77,77,128,128,90,600,5.0
649,genesect,Bug,Steel,71,120,95,120,95,99,600,5.0
650,chespin,Grass,,56,61,65,48,45,38,313,6.0
651,quilladin,Grass,,61,78,95,56,58,57,405,6.0
652,chesnaught,Grass,Fighting,88,107,122,74,75,64,530,6.0
653,fennekin,Fire,,40,45,40,62,60,60,307,6.0
654,braixen,Fire,,59,59,58,90,70,73,409,6.0
655,delphox,Fire,Psychic,75,69,72,114,100,104,534,6.0
656,froakie,Water,,41,56,40,62,44,71,314,6.0
657,frogadier,Water,,54,63,52,83,56,97,405,6.0
658,greninja,Water,Dark,72,95,67,103,71,122,530,6.0
659,bunnelby,Normal,,38,36,38,32,36,57,237,6.0
660,diggersby,Normal,Ground,85,56,77,50,77,78,423,6.0
661,fletchling,Normal,Flying,45,50,43,40,38,62,278,6.0
662,fletchinder,Fire,Flying,62,73,55,56,52,84,382,6.0
663,talonflame,Fire,Flying,78,81,71,74,69,126,499,6.0
664,scatterbug,Bug,,38,35,40,27,25,35,200,6.0
665,spewpa,Bug,,45,22,60,27,30,29,213,6.0
666,vivillon,Bug,Flying,80,52,50,90,50,89,411,6.0
667,litleo,Fire,Normal,62,50,58,73,54,72,369,6.0
668,pyroar,Fire,Normal,86,68,72,109,66,106,507,6.0
669,flabébé,Fairy,,44,38,39,61,79,42,303,6.0
670,floette,Fairy,,54,45,47,75,98,52,371,6.0
671,florges,Fairy,,78,65,68,112,154,75,552,6.0
672,skiddo,Grass,,66,65,48,62,57,52,350,6.0
673,gogoat,Grass,,123,100,62,97,81,68,531,6.0
674,pancham,Fighting,,67,82,62,46,48,43,348,6.0
675,pangoro,Fighting,Dark,95,124,78,69,71,58,495,6.0
676,furfrou,Normal,,75,80,60,65,90,102,472,6.0
677,espurr,Psychic,,62,48,54,63,60,68,355,6.0
678,meowstic,Psychic,,74,48,76,83,81,104,466,6.0
679,honedge,Steel,Ghost,45,80,100,35,37,28,325,6.0
680,doublade,Steel,Ghost,59,110,150,45,49,35,448,6.0
681,aegislash,Steel,Ghost,50,70,140,70,140,60,530,6.0
682,spritzee,Fairy,,78,52,60,63,65,23,341,6.0
683,aromatisse,Fairy,,101,72,72,99,89,29,462,6.0
684,swirlix,Fairy,,62,48,66,59,57,49,341,6.0
685,slurpuff,Fairy,,82,80,86,85,75,72,480,6.0
686,inkay,Dark,Psychic,53,54,53,37,46,45,288,6.0
687,malamar,Dark,Psychic,86,92,88,68,75,73,482,6.0
688,binacle,Rock,Water,42,52,67,39,56,50,306,6.0
689,barbaracle,Rock,Water,72,105,115,54,86,68,500,6.0
690,skrelp,Poison,Water,50,60,60,60,60,30,320,6.0
691,dragalge,Poison,Dragon,65,75,90,97,123,44,494,6.0
692,clauncher,Water,,50,53,62,58,63,44,330,6.0
693,clawitzer,Water,,71,73,88,120,89,59,500,6.0
694,helioptile,Electric,Normal,44,38,33,61,43,70,289,6.0
695,heliolisk,Electric,Normal,62,55,52,109,94,109,481,6.0
696,tyrunt,Rock,Dragon,58,89,77,45,45,48,362,6.0
697,tyrantrum,Rock,Dragon,82,121,119,69,59,71,521,6.0
698,amaura,Rock,Ice,77,59,50,67,63,46,362,6.0
699,aurorus,Rock,Ice,123,77,72,99,92,58,521,6.0
700,sylveon,Fairy,,95,65,65,110,130,60,525,6.0
701,hawlucha,Fighting,Flying,78,92,75,74,63,118,500,6.0
702,dedenne,Electric,Fairy,67,58,57,81,67,101,431,6.0
703,carbink,Rock,Fairy,50,50,150,50,150,50,500,6.0
704,goomy,Dragon,,45,50,35,55,75,40,300,6.0
705,sliggoo,Dragon,,68,75,53,83,113,60,452,6.0
706,goodra,Dragon,,90,100,70,110,150,80,600,6.0
707,klefki,Steel,Fairy,57,80,91,80,87,75,470,6.0
708,phantump,Ghost,Grass,43,70,48,50,60,38,309,6.0
709,trevenant,Ghost,Grass,85,110,76,65,82,56,474,6.0
710,pumpkaboo,Ghost,Grass,49,66,70,44,55,51,335,6.0
711,gourgeist,Ghost,Grass,65,90,122,58,75,84,494,6.0
712,bergmite,Ice,,55,69,85,32,35,28,304,6.0
713,avalugg,Ice,,95,117,184,44,46,28,514,6.0
714,noibat,Flying,Dragon,40,30,35,45,40,55,245,6.0
715,noivern,Flying,Dragon,85,70,80,97,80,123,535,6.0
716,xerneas,Fairy,,126,131,95,131,98,99,680,6.0
717,yveltal,Dark,Flying,126,131,95,131,98,99,680,6.0
718,zygarde,Dragon,Ground,108,100,121,81,95,95,600,6.0
719,diancie,Rock,Fairy,50,100,150,100,150,50,600,6.0
720,hoopa,Psychic,Ghost,80,110,60,150,130,70,600,6.0
721,volcanion,Fire,Water,80,110,120,130,90,70,600,6.0
722,rowlet,Grass,Flying,68,55,55,50,50,42,320,7.0
723,dartrix,Grass,Flying,78,75,75,70,70,52,420,7.0
724,decidueye,Grass,Ghost,78,107,75,100,100,70,530,7.0
725,litten,Fire,,45,65,40,60,40,70,320,7.0
726,torracat,Fire,,65,85,50,80,50,90,420,7.0
727,incineroar,Fire,Dark,95,115,90,80,90,60,530,7.0
728,popplio,Water,,50,54,54,66,56,40,320,7.0
729,brionne,Water,,60,69,69,91,81,50,420,7.0
730,primarina,Water,Fairy,80,74,74,126,116,60,530,7.0
731,pikipek,Normal,Flying,35,75,30,30,30,65,265,7.0
732,trumbeak,Normal,Flying,55,85,50,40,50,75,355,7.0
733,toucannon,Normal,Flying,80,120,75,75,75,60,485,7.0
734,yungoos,Normal,,48,70,30,30,30,45,253,7.0
735,gumshoos,Normal,,88,110,60,55,60,45,418,7.0
736,grubbin,Bug,,47,62,45,55,45,46,300,7.0
737,charjabug,Bug,Electric,57,82,95,55,75,36,400,7.0
738,vikavolt,Bug,Electric,77,70,90,145,75,43,500,7.0
739,crabrawler,Fighting,,47,82,57,42,47,63,338,7.0
740,crabominable,Fighting,Ice,97,132,77,62,67,43,478,7.0
741,oricorio,Fire,Flying,75,70,70,98,70,93,476,7.0
742,cutiefly,Bug,Fairy,40,45,40,55,40,84,304,7.0
743,ribombee,Bug,Fairy,60,55,60,95,70,124,464,7.0
744,rockruff,Rock,,45,65,40,30,40,60,280,7.0
745,lycanroc,Rock,,75,115,65,55,65,112,487,7.0
746,wishiwashi,Water,,45,20,20,25,25,40,175,7.0
747,mareanie,Poison,Water,50,53,62,43,52,45,305,7.0
748,toxapex,Poison,Water,50,63,152,53,142,35,495,7.0
749,mudbray,Ground,,70,100,70,45,55,45,385,7.0
750,mudsdale,Ground,,100,125,100,55,85,35,500,7.0
751,dewpider,Water,Bug,38,40,52,40,72,27,269,7.0
752,araquanid,Water,Bug,68,70,92,50,132,42,454,7.0
753,fomantis,Grass,,40,55,35,50,35,35,250,7.0
754,lurantis,Grass,,70,105,90,80,90,45,480,7.0
755,morelull,Grass,Fairy,40,35,55,65,75,15,285,7.0
756,shiinotic,Grass,Fairy,60,45,80,90,100,30,405,7.0
757,salandit,Poison,Fire,48,44,40,71,40,77,320,7.0
758,salazzle,Poison,Fire,68,64,60,111,60,117,480,7.0
759,stufful,Normal,Fighting,70,75,50,45,50,50,340,7.0
760,bewear,Normal,Fighting,120,125,80,55,60,60,500,7.0
761,bounsweet,Grass,,42,30,38,30,38,32,210,7.0
762,steenee,Grass,,52,40,48,40,48,62,290,7.0
763,tsareena,Grass,,72,120,98,50,98,72,510,7.0
764,comfey,Fairy,,51,52,90,82,110,100,485,7.0
765,oranguru,Normal,Psychic,90,60,80,90,110,60,490,7.0
766,passimian,Fighting,,100,120,90,40,60,80,490,7.0
767,wimpod,Bug,Water,25,35,40,20,30,80,230,7.0
768,golisopod,Bug,Water,75,125,140,60,90,40,530,7.0
769,sandygast,Ghost,Ground,55,55,80,70,45,15,320,7.0
770,palossand,Ghost,Ground,85,75,110,100,75,35,480,7.0
771,pyukumuku,Water,,55,60,130,30,130,5,410,7.0
772,type: null,Normal,,95,95,95,95,95,59,534,7.0
773,silvally,Normal,,95,95,95,95,95,95,570,7.0
774,minior,Rock,Flying,60,60,100,60,100,60,440,7.0
775,komala,Normal,,65,115,65,75,95,65,480,7.0
776,turtonator,Fire,Dragon,60,78,135,91,85,36,485,7.0
777,togedemaru,Electric,Steel,65,98,63,40,73,96,435,7.0
778,mimikyu,Ghost,Fairy,55,90,80,50,105,96,476,7.0
779,bruxish,Water,Psychic,68,105,70,70,70,92,475,7.0
780,drampa,Normal,Dragon,78,60,85,135,91,36,485,7.0
781,dhelmise,Ghost,Grass,70,131,100,86,90,40,517,7.0
782,jangmo-o,Dragon,,45,55,65,45,45,45,300,7.0
783,hakamo-o,Dragon,Fighting,55,75,90,65,70,65,420,7.0
784,kommo-o,Dragon,Fighting,75,110,125,100,105,85,600,7.0
785,tapu koko,Electric,Fairy,70,115,85,95,75,130,570,7.0
786,tapu lele,Psychic,Fairy,70,85,75,130,115,95,570,7.0
787,tapu bulu,Grass,Fairy,70,130,115,85,95,75,570,7.0
788,tapu fini,Water,Fairy,70,75,115,95,130,85,570,7.0
789,cosmog,Psychic,,43,29,31,29,31,37,200,7.0
790,cosmoem,Psychic,,43,29,131,29,131,37,400,7.0
791,solgaleo,Psychic,Steel,137,137,107,113,89,97,680,7.0
792,lunala,Psychic,Ghost,137,113,89,137,107,97,680,7.0
793,nihilego,Rock,Poison,109,53,47,127,131,103,570,7.0
794,buzzwole,Bug,Fighting,107,139,139,53,53,79,570,7.0
795,pheromosa,Bug,Fighting,71,137,37,137,37,151,570,7.0
796,xurkitree,Electric,,83,89,71,173,71,83,570,7.0
797,celesteela,Steel,Flying,97,101,103,107,101,61,570,7.0
798,kartana,Grass,Steel,59,181,131,59,31,109,570,7.0
799,guzzlord,Dark,Dragon,223,101,53,97,53,43,570,7.0
800,necrozma,Psychic,,97,107,101,127,89,79,600,7.0
801,magearna,Steel,Fairy,80,95,115,130,115,65,600,7.0
802,marshadow,Fighting,Ghost,90,125,80,90,90,125,600,7.0
803,poipole,Poison,,67,73,67,73,67,73,420,7.0
804,naganadel,Poison,Dragon,73,73,73,127,73,121,540,7.0
805,stakataka,Rock,Steel,61,131,211,53,101,13,570,7.0
806,blacephalon,Fire,Ghost,53,127,53,151,79,107,570,7.0
807,zeraora,Electric,,88,112,75,102,80,143,600,7.0
808,meltan,Steel,,46,65,65,55,35,34,300,7.0
809,melmetal,Steel,,135,143,143,80,65,34,600,7.0
810,grookey,Grass,,50,65,50,40,40,65,310,8.0
811,thwackey,Grass,,70,85,70,55,60,80,420,8.0
812,rillaboom,Grass,,100,125,90,60,70,85,530,8.0
813,scorbunny,Fire,,50,71,40,40,40,69,310,8.0
814,raboot,Fire,,65,86,60,55,60,94,420,8.0
815,cinderace,Fire,,80,116,75,65,75,119,530,8.0
816,sobble,Water,,50,40,40,70,40,70,310,8.0
817,drizzile,Water,,65,60,55,95,55,90,420,8.0
818,inteleon,Water,,70,85,65,125,65,120,530,8.0
819,skwovet,Normal,,70,55,55,35,35,25,275,8.0
820,greedent,Normal,,120,95,95,55,75,20,460,8.0
821,rookidee,Flying,,38,47,35,33,35,57,245,8.0
822,corvisquire,Flying,,68,67,55,43,55,77,365,8.0
823,corviknight,Flying,Steel,98,87,105,53,85,67,495,8.0
824,blipbug,Bug,,25,20,20,25,45,45,180,8.0
825,dottler,Bug,Psychic,50,35,80,50,90,30,335,8.0
826,orbeetle,Bug,Psychic,60,45,110,80,120,90,505,8.0
827,nickit,Dark,,40,28,28,47,52,50,245,8.0
828,thievul,Dark,,70,58,58,87,92,90,455,8.0
829,gossifleur,Grass,,40,40,60,40,60,10,250,8.0
830,eldegoss,Grass,,60,50,90,80,120,60,460,8.0
831,wooloo,Normal,,42,40,55,40,45,48,270,8.0
832,dubwool,Normal,,72,80,100,60,90,88,490,8.0
833,chewtle,Water,,50,64,50,38,38,44,284,8.0
834,drednaw,Water,Rock,90,115,90,48,68,74,485,8.0
835,yamper,Electric,,59,45,50,40,50,26,270,8.0
836,boltund,Electric,,69,90,60,90,60,121,490,8.0
837,rolycoly,Rock,,30,40,50,40,50,30,240,8.0
838,carkol,Rock,Fire,80,60,90,60,70,50,410,8.0
839,coalossal,Rock,Fire,110,80,120,80,90,30,510,8.0
840,applin,Grass,Dragon,40,40,80,40,40,20,260,8.0
841,flapple,Grass,Dragon,70,110,80,95,60,70,485,8.0
842,appletun,Grass,Dragon,110,85,80,100,80,30,485,8.0
843,silicobra,Ground,,52,57,75,35,50,46,315,8.0
844,sandaconda,Ground,,72,107,125,65,70,71,510,8.0
845,cramorant,Flying,Water,70,85,55,85,95,85,475,8.0
846,arrokuda,Water,,41,63,40,40,30,66,280,8.0
847,barraskewda,Water,,61,123,60,60,50,136,490,8.0
848,toxel,Electric,Poison,40,38,35,54,35,40,242,8.0
849,toxtricity,Electric,Poison,75,98,70,114,70,75,502,8.0
850,sizzlipede,Fire,Bug,50,65,45,50,50,45,305,8.0
851,centiskorch,Fire,Bug,100,115,65,90,90,65,525,8.0
852,clobbopus,Fighting,,50,68,60,50,50,32,310,8.0
853,grapploct,Fighting,,80,118,90,70,80,42,480,8.0
854,sinistea,Ghost,,40,45,45,74,54,50,308,8.0
855,polteageist,Ghost,,60,65,65,134,114,70,508,8.0
856,hatenna,Psychic,,42,30,45,56,53,39,265,8.0
857,hattrem,Psychic,,57,40,65,86,73,49,370,8.0
858,hatterene,Psychic,Fairy,57,90,95,136,103,29,510,8.0
859,impidimp,Dark,Fairy,45,45,30,55,40,50,265,8.0
860,morgrem,Dark,Fairy,65,60,45,75,55,70,370,8.0
861,grimmsnarl,Dark,Fairy,95,120,65,95,75,60,510,8.0
862,obstagoon,Dark,Normal,93,90,101,60,81,95,520,8.0
863,perrserker,Steel,,70,110,100,50,60,50,440,8.0
864,cursola,Ghost,,60,95,50,145,130,30,510,8.0
865,sirfetch'd,Fighting,,62,135,95,68,82,65,507,8.0
866,mr. rime,Ice,Psychic,80,85,75,110,100,70,520,8.0
867,runerigus,Ground,Ghost,58,95,145,50,105,30,483,8.0
868,milcery,Fairy,,45,40,40,50,61,34,270,8.0
869,alcremie,Fairy,,65,60,75,110,121,64,495,8.0
870,falinks,Fighting,,65,100,100,70,60,75,470,8.0
871,pincurchin,Electric,,48,101,95,91,85,15,435,8.0
872,snom,Ice,Bug,30,25,35,45,30,20,185,8.0
873,frosmoth,Ice,Bug,70,65,60,125,90,65,475,8.0
874,stonjourner,Rock,,100,125,135,20,20,70,470,8.0
875,eiscue-ice,Ice,,75,80,110,65,90,50,470,8.0
876,indeedee,Psychic,Normal,60,65,55,105,95,95,475,8.0
877,morpeko,Electric,Dark,58,95,58,70,58,97,436,8.0
878,cufant,Steel,,72,80,49,40,49,40,330,8.0
879,copperajah,Steel,,122,130,69,80,69,30,500,8.0
880,dracozolt,Electric,Dragon,90,100,90,80,70,75,505,8.0
881,arctozolt,Electric,Ice,90,100,90,90,80,55,505,8.0
882,dracovish,Water,Dragon,90,90,100,70,80,75,505,8.0
883,arctovish,Water,Ice,90,90,100,80,90,55,505,8.0
884,duraludon,Steel,Dragon,70,95,115,120,50,85,535,8.0
885,dreepy,Dragon,Ghost,28,60,30,40,30,82,270,8.0
886,drakloak,Dragon,Ghost,68,80,50,60,50,102,410,8.0
887,dragapult,Dragon,Ghost,88,120,75,100,75,142,600,8.0
888,zacian,Fairy,,92,130,115,80,115,138,670,8.0
889,zamazenta,Fighting,,92,130,115,80,115,138,670,8.0
890,eternatus,Poison,Dragon,140,85,95,145,95,130,690,8.0
891,kubfu,Fighting,,60,90,60,53,50,72,385,8.0
892,urshifu,Fighting,Dark,100,130,100,63,60,97,550,8.0
893,zarude,Dark,Grass,105,120,105,70,95,105,600,8.0
894,regieleki,Electric,,80,100,50,100,50,200,580,8.0
895,regidrago,Dragon,,200,100,50,100,50,80,580,8.0
896,glastrier,Ice,,100,145,130,65,110,30,580,8.0
897,spectrier,Ghost,,100,65,60,145,80,130,580,8.0
898,calyrex,Psychic,Grass,100,80,80,80,80,80,500,8.0
